,nome_ies_origem_norm,uf_ies_origem,frequencia
0,universidade de sao paulo,SÃO PAULO,4025
1,universidade federal do rio grande do sul,RIO GRANDE DO SUL,2243
2,universidade federal do rio de janeiro,RIO DE JANEIRO,1987
3,universidade federal de minas gerais,MINAS GERAIS,1907
4,universidade federal de santa catarina,SANTA CATARINA,1777
5,universidade estadual de campinas,SÃO PAULO,1646
6,universidade de brasilia,DISTRITO FEDERAL,1247
7,universidade estadual paulista julio de mesquita filho sede,SÃO PAULO,1087
8,universidade federal do parana,PARANÁ,1069
9,universidade federal de pernambuco,PERNAMBUCO,928
10,universidade federal da bahia,BAHIA,924
11,universidade estadual paulista julio de mesquita filho,SÃO PAULO,862
12,universidade federal fluminense,RIO DE JANEIRO,752
13,universidade federal do ceara,CEARÁ,678
14,universidade federal do rio grande do norte,RIO GRANDE DO NORTE,644
15,universidade federal de sao carlos,SÃO PAULO,635
16,pontificia universidade catolica do rio grande do sul,RIO GRANDE DO SUL,626
17,universidade do estado do rio de janeiro,RIO DE JANEIRO,613
18,universidade federal de vicosa,MINAS GERAIS,612
19,universidade federal de lavras,MINAS GERAIS,488
20,universidade federal de santa maria,RIO GRANDE DO SUL,478
21,pontificia universidade catolica do rio de janeiro,RIO DE JANEIRO,454
22,universidade federal do para,PARÁ,450
23,universidade federal de goias,GOIÁS,432
24,universidade federal de pelotas,RIO GRANDE DO SUL,396
25,pontificia universidade catolica de sao paulo,SÃO PAULO,391
26,universidade estadual de maringa,PARANÁ,387
27,universidade federal de sao paulo,SÃO PAULO,374
28,universidade federal da paraiba,PARAÍBA,368
29,fundacao oswaldo cruz fiocruz,RIO DE JANEIRO,339
30,universidade federal de uberlandia,MINAS GERAIS,320
31,universidade estadual de londrina,PARANÁ,314
32,universidade federal do espirito santo,ESPÍRITO SANTO,294
33,universidade do vale do rio dos sinos,RIO GRANDE DO SUL,283
34,universidade federal de juiz de fora,MINAS GERAIS,254
35,universidade federal rural do rio de janeiro,RIO DE JANEIRO,251
36,universidade federal rural de pernambuco,PERNAMBUCO,242
37,pontificia universidade catolica do parana,PARANÁ,210
38,universidade federal do rio grande,RIO GRANDE DO SUL,186
39,universidade do estado de santa catarina,SANTA CATARINA,178
40,pontificia universidade catolica de minas gerais,MINAS GERAIS,166
41,universidade estadual do ceara,CEARÁ,159
42,universidade federal do estado do rio de janeiro,RIO DE JANEIRO,156
43,universidade estadual do norte fluminense darcy ribeiro,RIO DE JANEIRO,149
44,universidade federal de ouro preto,MINAS GERAIS,131
45,universidade federal do abc,SÃO PAULO,120
46,universidade do vale do itajai,SANTA CATARINA,119
47,universidade tecnologica federal do parana,PARANÁ,118
48,instituto nacional de pesquisas da amazonia,AMAZONAS,115
49,universidade federal de mato grosso,MATO GROSSO,114
50,instituto nacional de pesquisas espaciais,SÃO PAULO,111
51,universidade federal de alagoas,ALAGOAS,100
52,universidade federal de campina grande,PARAÍBA,99
53,universidade estadual do oeste do parana,PARANÁ,95
54,instituto tecnologico de aeronautica,SÃO PAULO,91
55,universidade presbiteriana mackenzie,SÃO PAULO,87
56,universidade federal do amazonas,AMAZONAS,83
57,universidade estadual de ponta grossa,PARANÁ,79
58,fundacao universidade federal de sergipe,SERGIPE,70
59,fundacao universidade federal de mato grosso do sul,MATO GROSSO DO SUL,68
60,universidade estadual de santa cruz,BAHIA,67
61,universidade federal de sergipe,SERGIPE,62
62,universidade federal do maranhao,MARANHÃO,62
63,fundacao getulio vargas rj,SÃO PAULO,62
64,universidade federal da grande dourados,MATO GROSSO DO SUL,60
65,universidade estadual de feira de santana,BAHIA,59
66,fundacao universidade de passo fundo,RIO GRANDE DO SUL,59
67,universidade federal de mato grosso do sul,MATO GROSSO DO SUL,51
68,universidade do porto,DISTRITO DO PORTO,50
69,universidade federal de itajuba,MINAS GERAIS,50
70,universidade nove de julho,SÃO PAULO,47
71,universidade catolica de brasilia,DISTRITO FEDERAL,47
72,universidade de caxias do sul,RIO GRANDE DO SUL,44
73,associacao instituto nacional de matematica pura e aplicada,RIO DE JANEIRO,44
74,universidade de coimbra,DISTRITO DE COIMBRA,43
75,universidade regional de blumenau,SANTA CATARINA,42
76,fundacao getulio vargas rj,RIO DE JANEIRO,41
77,universidade de pernambuco,PERNAMBUCO,40
78,university of london,ENGLAND,39
79,pontificia universidade catolica de campinas,SÃO PAULO,37
80,universidade federal da paraiba joao pessoa,PARAÍBA,36
81,universidade de santa cruz do sul,RIO GRANDE DO SUL,35
82,universidade do estado da bahia,BAHIA,35
83,universidade tiradentes,SERGIPE,34
84,universidade metodista de sao paulo,SÃO PAULO,34
85,universidade estadual da paraiba,PARAÍBA,32
86,universidade estadual do sudoeste da bahia,BAHIA,32
87,universidade de lisboa,DISTRITO DE LISBOA,31
88,universidade federal de sao joao del rei,MINAS GERAIS,31
89,observatorio nacional,RIO DE JANEIRO,30
90,universidade luterana do brasil,RIO GRANDE DO SUL,30
91,universidade federal do reconcavo da bahia,BAHIA,29
92,universidade federal rural do semi arido,RIO GRANDE DO NORTE,28
93,universidade metodista de piracicaba,SÃO PAULO,27
94,centro brasileiro de pesquisas fisicas,RIO DE JANEIRO,27
95,fundacao universidade federal de ciencias da saude de porto alegre,RIO GRANDE DO SUL,26
96,universidade catolica de pelotas,RIO GRANDE DO SUL,26
97,universidade de aveiro,DISTRITO DE AVEIRO,25
98,universidade sao francisco,SÃO PAULO,25
99,universidade de fortaleza,CEARÁ,25
100,fundacao oswaldo cruz fiocruz,MINAS GERAIS,25
101,universidade federal do piaui,PIAUÍ,25
102,universidade estadual do centro oeste,PARANÁ,23
103,universidade federal de alfenas,MINAS GERAIS,23
104,universitat de barcelona,CATALUNYA,23
105,instituto militar de engenharia,RIO DE JANEIRO,22
106,universidade do minho,DISTRITO DE BRAGA,22
107,universidade do estado do amazonas,AMAZONAS,22
108,universidade do sul de santa catarina,SANTA CATARINA,22
109,university of california system,CALIFORNIA,22
110,universidade federal do triangulo mineiro,MINAS GERAIS,22
111,instituto agronomico,SÃO PAULO,22
112,universidade do vale do paraiba,SÃO PAULO,21
113,universidade catolica dom bosco,MATO GROSSO DO SUL,21
114,universidade de sao paulo sao carlos,SÃO PAULO,21
115,universidade anhanguera de sao paulo,SÃO PAULO,21
116,universidade do estado de mato grosso,MATO GROSSO,21
117,universidade do estado de minas gerais,MINAS GERAIS,20
118,instituto nacional de cancer jose alencar gomes da silva,RIO DE JANEIRO,20
119,universidade de franca,SÃO PAULO,20
120,fundacao getulio vargas,SÃO PAULO,20
121,universidade positivo,PARANÁ,20
122,centro federal de educacao tecnologica de minas gerais,MINAS GERAIS,20
123,universidade federal do tocantins,TOCANTINS,20
124,escola superior de teologia,RIO GRANDE DO SUL,19
125,universidade federal dos vales do jequitinhonha e mucuri,MINAS GERAIS,19
126,fundacao getulio vargas,RIO DE JANEIRO,19
127,universite paris nord paris xiii,REGION ILE-DE-FRANCE,19
128,universidade estacio de sa,RIO DE JANEIRO,18
129,universidade cruzeiro do sul,SÃO PAULO,18
130,centro federal de educacao tecnologica celso suckow da fonseca,RIO DE JANEIRO,17
131,universidade feevale,RIO GRANDE DO SUL,17
132,fundacao vale do taquari de educacao e desenvolvimento social fuvates,RIO GRANDE DO SUL,17
133,universidade catolica de pernambuco,PERNAMBUCO,17
134,fundacao universitaria de cardiologia,RIO GRANDE DO SUL,17
135,universidade salvador,BAHIA,17
136,universidade do extremo sul catarinense,SANTA CATARINA,17
137,universidade nova de lisboa,DISTRITO DE LISBOA,16
138,univ regional do noroeste do estado do rio grande do sul,RIO GRANDE DO SUL,16
139,centro universitario de brasilia,DISTRITO FEDERAL,16
140,universidade regional do noroeste do estado do rio grande do sul,RIO GRANDE DO SUL,16
141,universite de vincennes a saint denis paris viii,REGION ILE-DE-FRANCE,16
142,universidade de sao paulo ribeirao preto,SÃO PAULO,16
143,instituto de pesquisa jardim botanico do rio de janeiro,RIO DE JANEIRO,15
144,universidade federal rural da amazonia,PARÁ,15
145,universidad de la habana,PROVINCIA DE LA HABANA,15
146,instituto de botanica,SÃO PAULO,15
147,universidade catolica do salvador,BAHIA,14
148,universidad de buenos aires,CIUDAD AUTONOMA DE BUENOS AIRES,14
149,instituto universitario de pesquisa do rio de janeiro,RIO DE JANEIRO,14
150,universite pantheon sorbonne paris 1,REGION ILE-DE-FRANCE,14
151,universidade estadual de mato grosso do sul,MATO GROSSO DO SUL,14
152,fundacao universidade federal do piaui,PIAUÍ,13
153,universidade federal de rondonia,RONDÔNIA,13
154,universidade estadual do rio grande do sul,RIO GRANDE DO SUL,13
155,universidad de la republica uruguay,DEPARTAMENTO DE MONTEVIDEO,13
156,university of florida,FLORIDA,13
157,laboratorio nacional de computacao cientifica,RIO DE JANEIRO,13
158,universitat autonoma de barcelona,CATALUNYA,13
159,escola superior de propaganda e marketing,SÃO PAULO,12
160,universite grenoble alpes,REGION RHONE-ALPES,12
161,universidade estadual paulista julio de mesquita filho botucatu,SÃO PAULO,12
162,pontificia universidade catolica de goias,GOIÁS,12
163,universidad de salamanca,CASTILLA Y LEON,12
164,universidade federal do pampa,RIO GRANDE DO SUL,12
165,universidade federal do oeste do para,PARÁ,12
166,universite sorbonne nouvelle paris iii,REGION ILE-DE-FRANCE,12
167,universidade federal do amapa,AMAPÁ,12
168,fundacao univ federal de ciencias da saude de porto alegre,RIO GRANDE DO SUL,12
169,fundacao universidade federal do tocantins,TOCANTINS,12
170,universidade paulista,SÃO PAULO,11
171,universidade estadual paulista julio de mesquita filho sao jose do rio preto,SÃO PAULO,11
172,universidade catolica de santos,SÃO PAULO,11
173,centro de desenvolvimento da tecnologia nuclear,MINAS GERAIS,11
174,university of texas system,TEXAS,11
175,fundacao oswaldo cruz fiocruz,BAHIA,11
176,universidade estadual do maranhao,MARANHÃO,10
177,universidade estadual paulista julio de mesquita filho araraquara,SÃO PAULO,10
178,universidade estadual de goias,GOIÁS,10
179,fundacao universidade federal do pampa,RIO GRANDE DO SUL,9
180,university of wisconsin system,WISCONSIN,9
181,universidade de mogi das cruzes,SÃO PAULO,9
182,universidade estadual paulista julio de mesquita filho franca,SÃO PAULO,9
183,universidade estadual paulista julio de mesquita filho ilha solteira,SÃO PAULO,9
184,cornell university,NEW YORK,9
185,fundacao instituto capixaba de pesquisas em contabilidade economia e financas,ESPÍRITO SANTO,9
186,universidade do estado do rio grande do norte,RIO GRANDE DO NORTE,9
187,fundacao antonio prudente hospital a c camargo,SÃO PAULO,9
188,centro universitario da fei,SÃO PAULO,8
189,universidade estadual paulista julio de mesquita filho duplicidade com cod 56,SÃO PAULO,8
190,sociedade brasileira de fisiologia,SÃO PAULO,8
191,universidad de sevilla,ANDALUCIA,8
192,universidade franciscana,RIO GRANDE DO SUL,8
193,universidade estadual de montes claros,MINAS GERAIS,8
194,faculdade jesuita de filosofia e teologia,MINAS GERAIS,8
195,universidade da regiao de joinville,SANTA CATARINA,8
196,consejo superior de investigaciones cientificas,COMUNIDAD DE MADRID,7
197,sapienza universitat di roma,REGIONE LAZIO,7
198,universidade vila velha,ESPÍRITO SANTO,7
199,universite de montpellier,REGION LANGUEDOC-ROUSSILLON,7
200,universidade cidade de sao paulo,SÃO PAULO,7
201,universidade anhembi morumbi,SÃO PAULO,7
202,centro universitario una,MINAS GERAIS,7
203,imperial college london,ENGLAND,7
204,faculdade de medicina de sao jose do rio preto,SÃO PAULO,7
205,fundacao oswaldo cruz fiocruz,PERNAMBUCO,7
206,universidad de santiago de compostela,GALICIA,7
207,universidad autonoma de madrid,COMUNIDAD DE MADRID,7
208,universidade nilton lins,AMAZONAS,7
209,escola nacional de ciencias estatisticas,RIO DE JANEIRO,7
210,universidade universus veritas guarulhos,SÃO PAULO,7
211,texas a m university system office,TEXAS,7
212,faculdade de ciencias medicas da santa casa de sao paulo,SÃO PAULO,6
213,instituto de pesquisas energeticas e nucleares,SÃO PAULO,6
214,instituto federal de educacao ciencia e tecnologia da bahia,BAHIA,6
215,instituto de medicina integral professor fernando figueira,PERNAMBUCO,6
216,instituto federal de educacao ciencia e tecnologia do rio grande do norte,RIO GRANDE DO NORTE,6
217,universite paris diderot paris vii,REGION ILE-DE-FRANCE,6
218,instituto de pesquisa economica aplicada,DISTRITO FEDERAL,6
219,universidad tecnologica de la habana jose antonio echeverria,PROVINCIA DE LA HABANA,6
220,universidade candido mendes,RIO DE JANEIRO,6
221,universidade do oeste paulista,SÃO PAULO,6
222,ludwig maximilians universitat munchen,FREISTAAT BAYERN,6
223,universitat politecnica de catalunya,CATALUNYA,6
224,universita degli studi di padova,REGIONE VENETO,6
225,fiocruz centro de pesquisas rene rachou,MINAS GERAIS,6
226,universidade gama filho,RIO DE JANEIRO,6
227,university of illinois,ILLINOIS,6
228,fundacao universidade federal de roraima,RORAIMA,6
229,university of oxford,ENGLAND,6
230,the university of sheffield,ENGLAND,6
231,universidad nacional autonoma de mexico,DISTRITO FEDERAL,6
232,universite paris descartes paris v,REGION ILE-DE-FRANCE,6
233,universidad de oriente,PROVINCIA DE SANTIAGO DE CUBA,6
234,university of british columbia,BRITISH COLUMBIA,6
235,aarhus universitet,REGION MIDTJYLLAND,6
236,universidad de granada,ANDALUCIA,6
237,technische universitat dresden,FREISTAAT SACHSEN,5
238,university of dublin trinity college dublin,LEINSTER,5
239,universite paris sorbonne paris iv,REGION ILE-DE-FRANCE,5
240,universidad de zaragoza,COMUNIDAD AUTONOMA DE ARAGON,5
241,wageningen university,PROVINCIE GELDERLAND,5
242,the university of queensland,STATE OF QUEENSLAND,5
243,universidad complutense de madrid,COMUNIDAD DE MADRID,5
244,university of essex,ENGLAND,5
245,universidade estadual paulista julio de mesquita filho rio claro,SÃO PAULO,5
246,museu paraense emilio goeldi,PARÁ,5
247,instituto federal de educacao ciencia e tecnologia de sao paulo,SÃO PAULO,5
248,instituto butantan,SÃO PAULO,5
249,universidade estadual de campinas limeira,SÃO PAULO,5
250,universita di bologna,REGIONE EMILIA-ROMAGNA,5
251,universidade la salle,RIO GRANDE DO SUL,5
252,freie universitat berlin,LAND BERLIN,5
253,universidade fumec,MINAS GERAIS,5
254,fundacao pio xii hospital de cancer de barretos,SÃO PAULO,5
255,university of michigan,MICHIGAN,5
256,university of georgia,GEORGIA,5
257,empresa brasileira de pesquisa agropecuaria,DISTRITO FEDERAL,5
258,universite du quebec,QUEBEC,5
259,instituto federal de educacao ciencia e tecnologia do espirito santo,ESPÍRITO SANTO,5
260,instituto de ensino e pesquisa,SÃO PAULO,5
261,instituto federal de educacao ciencia e tecnologia da paraiba,PARAÍBA,5
262,universite de montreal,QUEBEC,5
263,universite paris ouest nanterre la defense paris x,REGION ILE-DE-FRANCE,5
264,universidade estadual paulista julio de mesquita filho presidente prudente,SÃO PAULO,5
265,michigan state university,MICHIGAN,5
266,georg august universitat gottingen,LAND NIEDERSACHSEN,5
267,harvard university,MASSACHUSETTS,5
268,universidade do grande rio prof jose de souza herdy,RIO DE JANEIRO,5
269,faculdade de medicina do abc,SÃO PAULO,5
270,sociedade brasileira de bioquimica e biologia molecular,SÃO PAULO,4
271,universidade anhanguera,MATO GROSSO DO SUL,4
272,brown university,RHODE ISLAND,4
273,universidad de alicante,COMUNITAT VALENCIANA,4
274,universidade federal da fronteira sul,SANTA CATARINA,4
275,university of toronto,ONTARIO,4
276,boston university,MASSACHUSETTS,4
277,university of alberta,ALBERTA,4
278,universite pierre et marie curie paris vi,REGION ILE-DE-FRANCE,4
279,centro universitario fieo,SÃO PAULO,4
280,universiteit gent,FLEMISH REGION,4
281,kansas state university,KANSAS,4
282,johns hopkins university,MARYLAND,4
283,fundacao oswaldo cruz,RIO DE JANEIRO,4
284,fundacao joao pinheiro escola de governo,MINAS GERAIS,4
285,universidade regional integrada do alto uruguai e das missoes,RIO GRANDE DO SUL,4
286,universidade salgado de oliveira,RIO DE JANEIRO,4
287,faculdades pequeno principe,PARANÁ,4
288,university of guelph,ONTARIO,4
289,mcgill university,QUEBEC,4
290,universidade de ribeirao preto,SÃO PAULO,4
291,institut des sciences et technologies de paris,REGION ILE-DE-FRANCE,4
292,universidade estadual de campinas piracicaba,SÃO PAULO,4
293,hospital de clinicas de porto alegre,RIO GRANDE DO SUL,4
294,universidade municipal de sao caetano do sul,SÃO PAULO,4
295,humboldt universitat zu berlin,LAND BERLIN,4
296,instituto biologico,SÃO PAULO,4
297,universidade federal do vale do sao francisco,PERNAMBUCO,4
298,new york university,NEW YORK,4
299,universidade de cabo verde,CONCELHO DA PRAIA,4
300,universidade tuiuti do parana,PARANÁ,4
301,universita degli studi di torino,REGIONE PIEMONTE,4
302,universita degli studi di milano milano,REGIONE LOMBARDIA,4
303,universite laval,QUEBEC,4
304,universite claude bernard lyon 1,REGION RHONE-ALPES,4
305,universidade da beira interior,DISTRITO DE CASTELO BRANCO,4
306,universidade aberta,DISTRITO DE LISBOA,4
307,universidad politecnica de madrid,COMUNIDAD DE MADRID,4
308,university of cambridge,ENGLAND,4
309,universidade de vigo,GALICIA,4
310,universidade de tras os montes e alto douro,DISTRITO DE VILA REAL,4
311,universite de strasbourg,REGION ALSACE,4
312,consejo nacional de investigaciones cientificas y tecnicas,PROVINCIA DE SANTA FE,4
313,instituto nacional da propriedade industrial,RIO DE JANEIRO,4
314,instituto federal de educacao ciencia e tecnologia de santa catarina,SANTA CATARINA,4
315,christian albrechts universitat zu kiel,LAND SCHLESWIG-HOLSTEIN,4
316,instituto nacional de metrologia normalizacao e qualidade industrial,RIO DE JANEIRO,4
317,instituto evandro chagas,PARÁ,4
318,universidade federal da paraiba campina grande,PARAÍBA,4
319,universidade estadual paulista julio de mesquita filho marilia,SÃO PAULO,4
320,university of reading,ENGLAND,4
321,university of salford,ENGLAND,3
322,universidad central marta abreu de las villas,PROVINCIA DE VILLA CLARA,3
323,utah state university,UTAH,3
324,universidad de chile,REGION METROPOLITANA DE SANTIAGO,3
325,university of exeter,ENGLAND,3
326,university of leeds,ENGLAND,3
327,university of kentucky,KENTUCKY,3
328,universidade federal da paraiba areia,PARAÍBA,3
329,universidade estadual vale do acarau,CEARÁ,3
330,instituto federal de educacao ciencia e tecnologia do rio grande do sul,RIO GRANDE DO SUL,3
331,instituto federal de educacao ciencia e tecnologia de pernambuco,PERNAMBUCO,3
332,universidade estadual do parana,PARANÁ,3
333,instituto federal de educacao ciencia e tecnologia do ceara,CEARÁ,3
334,instituto federal de educacao ciencia e tecnologia goiano,GOIÁS,3
335,instituto de radioprotecao e dosimetria,RIO DE JANEIRO,3
336,fundacao getulio vargas sp,SÃO PAULO,3
337,universidade regional do cariri,CEARÁ,3
338,universidade potiguar,RIO GRANDE DO NORTE,3
339,fiocruz centro de pesquisa aggeu magalhaes,PERNAMBUCO,3
340,institut national polytechnique de toulouse,REGION MIDI-PYRENEES,3
341,indiana university,INDIANA,3
342,universidade federal do acre,ACRE,3
343,universidade federal de roraima,RORAIMA,3
344,instituto federal de educacao ciencia e tecnologia sul rio grandense,RIO GRANDE DO SUL,3
345,instituto federal de educacao ciencia e tecnologia do rio de janeiro,RIO DE JANEIRO,3
346,universita degli studi di firenze,REGIONE TOSCANA,3
347,instituto universitario de lisboa,DISTRITO DE LISBOA,3
348,universidade eduardo mondlane,CIDADE DE MAPUTO,3
349,johannes gutenberg universitat mainz,RHEINLAND-PFALZ,3
350,universite pantheon assas paris ii,REGION ILE-DE-FRANCE,3
351,universite paris est creteil val de marne paris xii,REGION ILE-DE-FRANCE,3
352,durham university,ENGLAND,3
353,eberhard karls universitat tubingen,BADEN-WUERTTEMBERG,3
354,universitat zu koln,LAND NORDRHEIN-WESTFALEN,3
355,universite de caen normandie,REGION BASSE-NORMANDIE,3
356,universitat de valencia,COMUNITAT VALENCIANA,3
357,universitat politecnica de valencia,COMUNITAT VALENCIANA,3
358,universite de nantes,REGION PAYS DE LA LOIRE,3
359,erasmus universiteit rotterdam,PROVINCIE ZUID-HOLLAND,3
360,oregon state university,OREGON,3
361,newcastle university,ENGLAND,3
362,universidade de evora,DISTRITO DE EVORA,3
363,national research council canada,ONTARIO,3
364,universidade do oeste de santa catarina,SANTA CATARINA,3
365,universidade do estado do para,PARÁ,3
366,massachusetts institute of technology,MASSACHUSETTS,3
367,louisiana state university system,LOUISIANA,3
368,colegio pedro ii,RIO DE JANEIRO,3
369,colorado state university system,COLORADO,3
370,queen s university,ONTARIO,3
371,universidade da coruna,GALICIA,3
372,universidade catolica portuguesa,DISTRITO DO PORTO,3
373,purdue university,INDIANA,3
374,university of adelaide,STATE OF SOUTH AUSTRALIA,3
375,centro universitario senac,SÃO PAULO,3
376,universiteit leiden,PROVINCIE ZUID-HOLLAND,3
377,universiteit van amsterdam,PROVINCIE NOORD-HOLLAND,3
378,aix marseille universite,REGION PROVENCE-ALPES-COTE D'AZUR,3
379,aalborg universitet,REGION NORDJYLLAND,3
380,banco central do brasil,DISTRITO FEDERAL,3
381,universite de versailles saint quentin en yvelines,REGION ILE-DE-FRANCE,3
382,technische universiteit delft,PROVINCIE ZUID-HOLLAND,3
383,universidad del pais vasco,EUSKAL AUTONOMIA ERKIDEGOA,3
384,sorbonne universite,REGION ILE-DE-FRANCE,3
385,university of copenhagen,REGION HOVEDSTADEN,2
386,the university of edinburgh,SCOTLAND,2
387,universidad austral de chile,REGION DE LOS RIOS,2
388,instituto carlos chagas,PARANÁ,2
389,university of glasgow,SCOTLAND,2
390,instit federal de educacao ciencia e tecnologia de goias,GOIÁS,2
391,instituto agronomico do parana,PARANÁ,2
392,instituto federal de educacao ciencia e tecnologia do maranhao monte castelo,MARANHÃO,2
393,instituto de pesq tecnologicas do estado de sao paulo,SÃO PAULO,2
394,instituto federal de educacao ciencia e tecnologia de mato grosso,MATO GROSSO,2
395,instituto brasileiro de informacao ciencia e tecnologia,DISTRITO FEDERAL,2
396,instituto federal de educacao ciencia e tecnologia de goias,GOIÁS,2
397,institut de hautes etudes internationales et du developpement,CANTON DE GENEVE,2
398,the university of manchester,ENGLAND,2
399,the university of tokyo,TOKYO-TO,2
400,instituto federal de educacao ciencia e tecnologia de brasilia,DISTRITO FEDERAL,2
401,universidade estadual paulista julio de mesquita filho jaboticabal,SÃO PAULO,2
402,universidade estadual paulista julio de mesquita filho bauru,SÃO PAULO,2
403,universidade estadual paulista julio de mesquita filho assis,SÃO PAULO,2
404,brandenburgische technische universitat cottbus senftenberg,LAND BRANDENBURG,2
405,university of surrey,ENGLAND,2
406,university of waterloo,ONTARIO,2
407,university of sussex,ENGLAND,2
408,uppsala universitet,UPPSALA LAEN,2
409,university of wyoming,WYOMING,2
410,university of washington,WASHINGTON,2
411,university of victoria,BRITISH COLUMBIA,2
412,wake forest university,NORTH CAROLINA,2
413,vrije universiteit brussel,BRUXELLES-CAPITALE,2
414,universidad agraria de la habana,PROVINCIA DE LA HABANA,2
415,universidad autonoma metropolitana,DISTRITO FEDERAL,2
416,university of kent,ENGLAND,2
417,centre de cooperation internationale en recherche agronomique pour le developpement,REGION LANGUEDOC-ROUSSILLON,2
418,brunel university london,ENGLAND,2
419,centro de aperfeicoamento e estudos superiores,SÃO PAULO,2
420,centre national de la recherche scientifique,REGION MIDI-PYRENEES,2
421,centro de tecnologia minera,RIO DE JANEIRO,2
422,university of minnesota,MINNESOTA,2
423,university of miami,FLORIDA,2
424,universidad de cantabria,COMUNIDAD AUTONOMA DE CANTABRIA,2
425,universidad de cadiz,ANDALUCIA,2
426,university of pretoria,GAUTENG,2
427,university of nevada reno,NEVADA,2
428,university of newcastle,STATE OF NEW SOUTH WALES,2
429,university of nottingham,ENGLAND,2
430,university of ontario institute of technology,ONTARIO,2
431,university of massachusetts system,MASSACHUSETTS,2
432,universidade vale do rio doce,MINAS GERAIS,2
433,universidade sao judas tadeu,SÃO PAULO,2
434,universita degli studi di milano bicocca milano,REGIONE LOMBARDIA,2
435,escola superior dom helder camara,MINAS GERAIS,2
436,faculdade casper libero,SÃO PAULO,2
437,escola superior de agricultura luiz de queiroz esalq usp,SÃO PAULO,2
438,faculdade de ciencias medicas de minas gerais,MINAS GERAIS,2
439,universita degli studi di roma la sapienza,REGIONE LAZIO,2
440,universita degli studi roma tre,REGIONE LAZIO,2
441,universita degli studi di palermo,REGIONE AUTONOMA SICILIANA,2
442,universita della svizzera italiana,CANTONE TICINO,2
443,universita del salento,REGIONE PUGLIA,2
444,instituto politecnico de leiria,DISTRITO DE LEIRIA,2
445,instituto politecnico nacional,DISTRITO FEDERAL,2
446,universidade do vale do sapucai,MINAS GERAIS,2
447,lancaster university,ENGLAND,2
448,fundacao ezequiel dias,MINAS GERAIS,2
449,friedrich schiller universitat jena,FREISTAAT THURINGEN,2
450,faculdade meridional,RIO GRANDE DO SUL,2
451,universidade norte do parana,PARANÁ,2
452,fundacao brasileira de teatro,DISTRITO FEDERAL,2
453,fundacao casa de rui barbosa,RIO DE JANEIRO,2
454,florida university usa,FLORIDA,2
455,faculdades oswaldo cruz,SÃO PAULO,2
456,instit nac metrologia normalizacao e qualidade industrial,RIO DE JANEIRO,2
457,hogskolan i halmstad,HALLANDS LAEN,2
458,heriot watt university,SCOTLAND,2
459,icahn school of medicine at mount sinai,NEW YORK,2
460,georgia institute of technology,GEORGIA,2
461,globe university woodbury,MINNESOTA,2
462,universidade federal do sul da bahia,BAHIA,2
463,fundacao universidade estadual do piaui fuespi,PIAUÍ,2
464,instituto do coracao,SÃO PAULO,2
465,instituto metodista isabela hendrix imih,MINAS GERAIS,2
466,instituto de aeronautica e espaco ministerio da defesa,SÃO PAULO,2
467,escola bahiana de medicina e saude publica,BAHIA,2
468,empresa de pesquisa agropecuaria de minas gerais,MINAS GERAIS,2
469,osaka university,OSAKA-FU,2
470,north carolina state university,NORTH CAROLINA,2
471,northeastern university,MASSACHUSETTS,2
472,politecnico di torino,REGIONE PIEMONTE,2
473,observatoire de paris,REGION ILE-DE-FRANCE,2
474,universitat pompeu fabra,CATALUNYA,2
475,universite de bordeaux,REGION AQUITAINE,2
476,universite catholique de louvain,WALLOON REGION,2
477,universite de bretagne occidentale,REGION BRETAGNE,2
478,dalhousie university,NOVA SCOTIA,2
479,ecole nationale superieure d architecture de paris la villette,REGION ILE-DE-FRANCE,2
480,ecole polytechnique federale de lausanne,CANTON DE VAUD,2
481,escola de comando e estado maior do exercito,RIO DE JANEIRO,2
482,escola de administracao de empresas de sao paulo,SÃO PAULO,2
483,pennsylvania state university,PENNSYLVANIA,2
484,universidade do algarve,DISTRITO DE FARO,2
485,ohio university,OHIO,2
486,universidade de taubate,SÃO PAULO,2
487,universidade de sorocaba,SÃO PAULO,2
488,politecnico di milano,REGIONE LOMBARDIA,2
489,universidade do mindelo,CONCELHO DE SAO VICENTE,2
490,universidade de vassouras,RIO DE JANEIRO,2
491,linkopings universitet,OESTERGOETLANDS LAEN,2
492,lunds universitet,SKANE LAEN,2
493,national academy of sciences of belarus,MINSKAYA VOBLASTS',2
494,universidade veiga de almeida,RIO DE JANEIRO,2
495,museum national d histoire naturelle,REGION ILE-DE-FRANCE,2
496,universite de rouen,REGION HAUTE-NORMANDIE,2
497,universite de poitiers,REGION POITOU-CHARENTES,2
498,universite jean moulin lyon 3,REGION RHONE-ALPES,2
499,universite francois rabelais de tours,REGION CENTRE,2
500,universite nice sophia antipolis,REGION PROVENCE-ALPES-COTE D'AZUR,2
501,universitat bremen,BREMEN,2
502,universite lille 1 sciences et technologies,REGION NORD-PAS-DE-CALAIS,2
503,universite lumiere lyon 2,REGION RHONE-ALPES,2
504,universitat bern,KANTON BERN,2
505,universitat bielefeld,LAND NORDRHEIN-WESTFALEN,2
506,universitat bayreuth,FREISTAAT BAYERN,2
507,universitat bonn,LAND NORDRHEIN-WESTFALEN,2
508,universitat salzburg,SALZBURG,2
509,universitat duisburg essen essen,LAND NORDRHEIN-WESTFALEN,2
510,universitat konstanz,BADEN-WUERTTEMBERG,2
511,universitat leipzig,FREISTAAT SACHSEN,2
512,scuola superiore sant anna,REGIONE TOSCANA,2
513,universidade da amazonia,PARÁ,2
514,universidade da integracao internacional da lusofonia afro brasileira,CEARÁ,2
515,universidade catolica portuguesa,DISTRITO DE LISBOA,2
516,university of central florida,FLORIDA,2
517,queensland university of technology,STATE OF QUEENSLAND,2
518,university of delhi,NATIONAL CAPITAL TERRITORY OF DELHI,2
519,pontificia universita gregoriana,REGIONE LAZIO,2
520,centro universitario fei,SÃO PAULO,2
521,centro universitario euro americano,DISTRITO FEDERAL,2
522,consiglio nazionale delle ricerche,REGIONE LAZIO,2
523,coordenadoria controle de doencas da sec est da saude de sp,SÃO PAULO,2
524,columbia university,NEW YORK,2
525,consejo nacional de ciencia y tecnologia,DISTRITO FEDERAL,2
526,universite de sherbrooke,QUEBEC,2
527,conservatoire national des arts et metiers,REGION ILE-DE-FRANCE,2
528,university of bristol,ENGLAND,2
529,university of bath,ENGLAND,2
530,university of birmingham,ENGLAND,2
531,university of brighton,ENGLAND,2
532,centro universitario de belo horizonte,MINAS GERAIS,2
533,centro universitario metodista ipa,RIO GRANDE DO SUL,2
534,universidad nacional de san martin,CIUDAD AUTONOMA DE BUENOS AIRES,2
535,universite paris sud paris xi,REGION ILE-DE-FRANCE,2
536,technische universitat munchen,FREISTAAT BAYERN,2
537,universidad nacional de colombia,DISTRITO CAPITAL DE BOGOTA,2
538,state university of new york system,NEW YORK,2
539,stanford university,CALIFORNIA,2
540,swansea university,WALES,2
541,universidad de valladolid,CASTILLA Y LEON,2
542,universidad nacional de rosario,PROVINCIA DE SANTA FE,2
543,universite pantheon sorbonne paris i,REGION ILE-DE-FRANCE,2
544,universidad de pinar del rio hermanos saiz montes de oca,PROVINCIA DE PINAR DEL RIO,2
545,universidad de oviedo,PRINCIPADO DE ASTURIAS,2
546,universidad de navarra,NAVARRA,2
547,universidad de cordoba,ANDALUCIA,2
548,bauhaus universitat weimar,FREISTAAT THURINGEN,2
549,akademie vd eske republiky,HLAVNI MESTO PRAHA,2
550,universidad de extremadura,EXTREMADURA,2
551,universidad de almeria,ANDALUCIA,2
552,university of st andrews,SCOTLAND,2
553,architectural association school of architecture,ENGLAND,2
554,auburn university,ALABAMA,2
555,aston university,ENGLAND,2
556,yale university,CONNECTICUT,2
557,advocacia geral da uniao,DISTRITO FEDERAL,2
558,agencia nacional de aguas ana,DISTRITO FEDERAL,2
559,agrocampus ouest,REGION BRETAGNE,2
560,york university,ONTARIO,1
561,aberystwyth university,WALES,1
562,agencia nacional de aviacao civil anac,DISTRITO FEDERAL,1
563,arts et metiers paristech cluny,REGION BOURGOGNE,1
564,associacao de ensino unificado do distrito federal,DISTRITO FEDERAL,1
565,associacao nacional de matematica pura aplicada,RIO DE JANEIRO,1
566,azusa pacific university,CALIFORNIA,1
567,ball state university,INDIANA,1
568,bangor university,WALES,1
569,baptist hospitals of southeast texas school of radiologic beaumont,TEXAS,1
570,bates college,MAINE,1
571,benemerita universidad autonoma de puebla,ESTADO DE PUEBLA,1
572,bergische universitat wuppertal,LAND NORDRHEIN-WESTFALEN,1
573,bilkent universitesi,ANKARA,1
574,blekinge tekniska hogskola,BLEKINGE LAEN,1
575,bloomsburg university of pennsylvania,PENNSYLVANIA,1
576,bournemouth university,ENGLAND,1
577,university of the arts london,ENGLAND,1
578,university of the western cape,PROVINCE OF THE WESTERN CAPE,1
579,university of thessaly,THESSALY,1
580,university of tsukuba,IBARAKI-KEN,1
581,university of utah,UTAH,1
582,university of virginia,VIRGINIA,1
583,university of waikato,WAIKATO,1
584,centre national de la recherche scientifique,REGION LANGUEDOC-ROUSSILLON,1
585,centro de estudos e sistemas avancados do recife,PERNAMBUCO,1
586,centro de investigacion cientifica y de educacion superior d,CALIFORNIA,1
587,centro de investigaciones energeticas medioambientales y tecnologicas,COMUNIDAD DE MADRID,1
588,centro de tecnologia da informacao renato archer,SÃO PAULO,1
589,centro de tecnologia mineral,RIO DE JANEIRO,1
590,centro nacional de sanidad agropecuaria,PROVINCIA MAYABEQUE,1
591,centro regional universitario de espirito santo do pinhal,SÃO PAULO,1
592,brunel university,ENGLAND,1
593,cambridge institute of allied health technology,FLORIDA,1
594,carleton university,ONTARIO,1
595,case western reserve university,OHIO,1
596,cedars sinai medical center,CALIFORNIA,1
597,central china normal university,HUBEI SHENG,1
598,centre for agricultural bioscience international,ENGLAND,1
599,centre national de la recherche scientifique,REGION ILE-DE-FRANCE,1
600,university of denver,COLORADO,1
601,university of east anglia,ENGLAND,1
602,university of helsinki,PROVINCE OF WESTERN FINLAND,1
603,university of iowa,IOWA,1
604,university of leicester,ENGLAND,1
605,university of liverpool,ENGLAND,1
606,university of london the london school of economics and po,PROVINCE OF WESTERN FINLAND,1
607,university of manitoba,MANITOBA,1
608,centrum voor studie en documentatie van latijns amerika,PROVINCIE NOORD-HOLLAND,1
609,university of calgary,ALBERTA,1
610,university of central arkansas,ARKANSAS,1
611,university of cincinnati,OHIO,1
612,university of colorado system administration,COLORADO,1
613,university of connecticut,CONNECTICUT,1
614,university of cyprus,NICOSIA DISTRICT,1
615,university of delaware,DELAWARE,1
616,syddansk universitet,REGION SYDDANMARK,1
617,tampereen teknillinen yliopisto,PROVINCE OF WESTERN FINLAND,1
618,technische universitat berlin,LAND BERLIN,1
619,technische universitat braunschweig,LAND NIEDERSACHSEN,1
620,technische universitat chemnitz,FREISTAAT SACHSEN,1
621,technische universitat clausthal,LAND NIEDERSACHSEN,1
622,technische universitat darmstadt,LAND HESSEN,1
623,technische universitat hamburg harburg,FREIE UND HANSESTADT HAMBURG,1
624,sony computer science laboratory paris,REGION ILE-DE-FRANCE,1
625,southern cross university,STATE OF NEW SOUTH WALES,1
626,southern illinois university,ILLINOIS,1
627,stanford research institute sri international silicon valley,CALIFORNIA,1
628,stockholms universitet,STOCKHOLMS LAEN,1
629,sveriges lantbruksuniversitet,UPPSALA LAEN,1
630,swinburne university of technology,STATE OF VICTORIA,1
631,swiss tropical and public health institute,KANTON BASEL-STADT,1
632,universidad de cienfuegos,PROVINCIA DE CIENFUEGOS,1
633,universidad de deusto,EUSKAL AUTONOMIA ERKIDEGOA,1
634,universidad de huelva,ANDALUCIA,1
635,universidad de la laguna,COMUNIDAD AUTONOMA DE CANARIAS,1
636,universidad de los andes,DISTRITO CAPITAL DE BOGOTA,1
637,universidad de matanzas camilo cienfuegos,PROVINCIA DE MATANZAS,1
638,smithsonian conservation biology institute front royal,VIRGINIA,1
639,sofia university,OBLAST SOFIYA-GRAD,1
640,universidad autonoma de baja california,ESTADO DE BAJA CALIFORNIA,1
641,universidad autonoma de nuevo leon,ESTADO DE NUEVO LEON,1
642,universidad carlos iii de madrid,COMUNIDAD DE MADRID,1
643,universidad catolica de valencia san vicente martir,COMUNITAT VALENCIANA,1
644,universidad central de venezuela,DISTRITO CAPITAL,1
645,universidad de alcala,COMUNIDAD DE MADRID,1
646,universidad de antioquia,DEPARTAMENTO DE ANTIOQUIA,1
647,universidad de castilla la mancha,CASTILLA-LA MANCHA,1
648,rijksuniversiteit groningen,PROVINCIE GRONINGEN,1
649,robert gordon university,SCOTLAND,1
650,rush university,ILLINOIS,1
651,russian academy of sciences,MOSKVA,1
652,rutgers university,NEW JERSEY,1
653,saint louis university,MISSOURI,1
654,saint petersburg state polytechnical university,SANKT-PETERBURG,1
655,sam houston state university,TEXAS,1
656,universidade braz cubas,SÃO PAULO,1
657,universidade castelo branco,RIO DE JANEIRO,1
658,universidade catolica de mocambique,SOFALA PROVINCE,1
659,princeton university,NEW JERSEY,1
660,queen s university belfast,NORTHERN IRELAND,1
661,rede record de televisao,RIO DE JANEIRO,1
662,rheinisch westfaelische technische hochschule aachen,LAND NORDRHEIN-WESTFALEN,1
663,rice university,TEXAS,1
664,universidad nacional de la plata,PROVINCIA DE BUENOS AIRES,1
665,universidad nacional de rio negro,PROVINCIA DE RIO NEGRO,1
666,universidad nacional del centro de la provincia de buenos aires,PROVINCIA DE BUENOS AIRES,1
667,universidad nacional del sur,CIUDAD AUTONOMA DE BUENOS AIRES,1
668,universidad pablo de olavide,ANDALUCIA,1
669,universidad pontificia de salamanca,CASTILLA Y LEON,1
670,universidad rey juan carlos,COMUNIDAD DE MADRID,1
671,universidad san carlos,ASUNCION,1
672,tel aviv university,TEL AVIV DISTRICT,1
673,texas tech university,TEXAS,1
674,the boston conservatory,MASSACHUSETTS,1
675,the federal university of technology akure,ONDO STATE,1
676,universidad internacional de andalucia,ANDALUCIA,1
677,universidad nacional agraria la molina,PROVINCIA DE LIMA,1
678,universidad nacional de cordoba,PROVINCIA DE CORDOBA,1
679,universidad nacional de educacion a distancia,COMUNIDAD DE MADRID,1
680,norwegian university of science and technology gjovik,OPPLAND FYLKE,1
681,oklahoma state university tulsa,OKLAHOMA,1
682,osterreichische akademie der wissenschaften,WIEN,1
683,ostravska univerzita,MORAVSKOSLEZSKY KRAJ,1
684,ottawa hospital research institute,ONTARIO,1
685,ottawa university,KANSAS,1
686,oxford brookes university,ENGLAND,1
687,plymouth university,ENGLAND,1
688,national university of singapore,CENTRAL SINGAPORE COMMUNITY DEVELOPMENT COUNCIL,1
689,naturhistoriska riksmuseet,STOCKHOLMS LAEN,1
690,nederlands instituut voor ecologie,PROVINCIE GELDERLAND,1
691,new england conservatory of music,MASSACHUSETTS,1
692,new saint andrews college,IDAHO,1
693,nikolaev institute of inorganic chemistry,NOVOSIBIRSKAYA OBLAST',1
694,northern illinois university,ILLINOIS,1
695,northwestern university,ILLINOIS,1
696,universidade comunitaria da regiao de chapeco,SANTA CATARINA,1
697,universidade de araraquara,SÃO PAULO,1
698,universidade de coimbra faculdade de letras,DISTRITO DE COIMBRA,1
699,universidade de cruz alta,RIO GRANDE DO SUL,1
700,universidade de cuiaba,MATO GROSSO,1
701,universidade de marilia,SÃO PAULO,1
702,national renewable energy laboratory,COLORADO,1
703,national research university higher school of economics,MOSKVA,1
704,san jose state university,CALIFORNIA,1
705,sanford burnham prebys medical discovery institute,CALIFORNIA,1
706,secretaria de estado da saude de sao paulo,SÃO PAULO,1
707,secretaria de estado de educacao do distrito federal sedf,DISTRITO FEDERAL,1
708,secretaria municipal de educacao,SANTA CATARINA,1
709,simon fraser university,BRITISH COLUMBIA,1
710,universidade catolica de petropolis,RIO DE JANEIRO,1
711,universidade cesumar,PARANÁ,1
712,national center for atmospheric research,COLORADO,1
713,national institute for minamata disease,KUMAMOTO-KEN,1
714,national optical astronomy observatory,ARIZONA,1
715,instituto nacional de saude dr ricardo jorge,DISTRITO DO PORTO,1
716,instituto nacional de tecnologia,RIO DE JANEIRO,1
717,instituto politecnico de beja,DISTRITO DE BEJA,1
718,instituto politecnico de braganca,DISTRITO DE BRAGANCA,1
719,instituto politecnico de lisboa escola superior de educaca,DISTRITO DE AVEIRO,1
720,ministerio da agricultura pecuaria e abastecimento,DISTRITO FEDERAL,1
721,ministerio do planejamento orcamento e gestao,DISTRITO FEDERAL,1
722,ministerio publico federal,DISTRITO FEDERAL,1
723,minneapolis community and technical college,MINNESOTA,1
724,missouri botanical garden,MISSOURI,1
725,missouri department of transportation st louis area district ue,MISSOURI,1
726,musik akademie basel,KANTON BASEL-STADT,1
727,national aeronautics and space administration,DISTRICT OF COLUMBIA,1
728,liverpool john moores university,ENGLAND,1
729,loughborough university,ENGLAND,1
730,lulea tekniska universitet,NORRBOTTENS LAEN,1
731,marie selby botanical gardens,FLORIDA,1
732,massey university,MANAWATU-WANGANUI,1
733,mayo clinic,ARIZONA,1
734,mcmaster university,ONTARIO,1
735,miami university,OHIO,1
736,politecnico di bari,REGIONE PUGLIA,1
737,universidade de santo amaro,SÃO PAULO,1
738,universidade do contestado,SANTA CATARINA,1
739,universidade do federal do pampa,RIO GRANDE DO SUL,1
740,universidade do sagrado coracao,SÃO PAULO,1
741,leibniz gemeinschaft,LAND MECKLENBURG-VORPOMMERN,1
742,leuphana universitat luneburg,LAND NIEDERSACHSEN,1
743,lingnan university,HK ISLAND,1
744,instituto federal de educacao ciencia e tecnologia do amazonas,AMAZONAS,1
745,instituto federal de educacao ciencia e tecnologia do parana,PARANÁ,1
746,instituto federal de educacao ciencia e tecnologia do piaui,PIAUÍ,1
747,instituto federal de educacao ciencia e tecnologia do sertao pernambucano,PERNAMBUCO,1
748,instituto federal de educacao ciencia e tecnologia do sudeste de minas gerais,MINAS GERAIS,1
749,instituto federal de educacao ciencia e tecnologia do sul de minas gerais,MINAS GERAIS,1
750,instituto federal de educacao ciencia e tecnologia do tocantins,TOCANTINS,1
751,instituto federal de educacao ciencia e tecnologia do triangulo mineiro,MINAS GERAIS,1
752,universidade estadual de alagoas,ALAGOAS,1
753,universidade estadual de ciencias da saude de alagoas,ALAGOAS,1
754,universidade estadual de roraima,RORAIMA,1
755,universidade estadual do norte do parana,PARANÁ,1
756,universidade estadual do parana paranavai fafipa,PARANÁ,1
757,universidade estadual do parana reitoria,PARANÁ,1
758,instituto federal de educacao ciencia e tecnologia de minas gerais,MINAS GERAIS,1
759,instituto federal de educacao ciencia e tecnologia de sergipe,SERGIPE,1
760,jyvaskylan yliopisto,PROVINCE OF WESTERN FINLAND,1
761,katholieke universiteit leuven,FLEMISH REGION,1
762,korea advanced institute of science and technology,DAEJEON,1
763,kunstuniversitat linz,OBEROESTERREICH,1
764,kyushu institute of technology,FUKUOKA-KEN,1
765,laboratoire d informatique de robotique et de microelectronique de montpellier,REGION LANGUEDOC-ROUSSILLON,1
766,laboratorio de instrumentacao e fisica experimental de particulas,DISTRITO DE LISBOA,1
767,lawrence berkeley national laboratory,CALIFORNIA,1
768,instituto superior de tecnologias y ciencias aplicadas,PROVINCIA DE LA HABANA,1
769,interdaf leipzig el,FREISTAAT SACHSEN,1
770,international iberian nanotechnology laboratory,DISTRITO DE BRAGA,1
771,istituti di ricovero e cura a carattere scientifico,REGIONE LOMBARDIA,1
772,istituto universitario europeo,ENGLAND,1
773,jindal global university,STATE OF PUNJAB,1
774,johns hopkins health system,MARYLAND,1
775,joint research centre,REGIONE LOMBARDIA,1
776,inst de ensino e pesquisa da santa casa de belo horizonte,MINAS GERAIS,1
777,inst de prev dos servidores do estado de minas gerais,MINAS GERAIS,1
778,institut d etudes politiques de paris,REGION ILE-DE-FRANCE,1
779,institut de ciencies fotoniques,CATALUNYA,1
780,institut de recherche pour le developpement bondy,REGION ILE-DE-FRANCE,1
781,institut de recherche pour le developpement montpellier,REGION LANGUEDOC-ROUSSILLON,1
782,institut francais des sciences et technologies des transports de l amenagement et des reseaux,REGION PAYS DE LA LOIRE,1
783,institut national de la recherche agronomique,REGION CENTRE,1
784,instituto de pesquisas jardim botanico do rio de janeiro,RIO DE JANEIRO,1
785,instituto de previdencia dos servidores do estado de minas gerais,MINAS GERAIS,1
786,instituto de tecnologia de alimentos,SÃO PAULO,1
787,instituto do patrimonio historico e artistico nacional,RIO DE JANEIRO,1
788,instituto federal de educacao ciencia e tecnologia catarinense,SANTA CATARINA,1
789,universidade estadual paulista julio de mesquita filho sao jose dos campos,SÃO PAULO,1
790,universidade federal da paraiba rio tinto,PARAÍBA,1
791,indian institute of technology council system,STATE OF TAMIL NADU,1
792,instituto de aeronautica e espaco,SÃO PAULO,1
793,instituto de ciencia animal,PROVINCIA MAYABEQUE,1
794,instituto de engenharia nuclear,RIO DE JANEIRO,1
795,instituto de ensino e pesquisa da santa casa de belo horizonte,MINAS GERAIS,1
796,instituto de ensino superior e pesquisa,MINAS GERAIS,1
797,instituto de estudos do mar almirante paulo moreira,RIO DE JANEIRO,1
798,instituto de investigacao cientifica tropical,DISTRITO DE LISBOA,1
799,instituto de investigaciones fundamentales en agricultura tropical alejandro de humboldt,PROVINCIA DE LA HABANA,1
800,instituto federal de educacao ciencia e tecnologia farroupilha,RIO GRANDE DO SUL,1
801,instituto gulbenkian de ciencia,DISTRITO DE LISBOA,1
802,instituto internacional de ciencias sociais,SÃO PAULO,1
803,instituto nacional de ciencias agricolas,PROVINCIA MAYABEQUE,1
804,instituto nacional de estudos e pesquisa,BISSAU REGION,1
805,instituto centro de ensino tecnologico,CEARÁ,1
806,instituto chico mendes de conservacao da biodiversidade,DISTRITO FEDERAL,1
807,instituto d or de pesquisa e ensino,RIO DE JANEIRO,1
808,hochschule ostwestfalen lippe,LAND NORDRHEIN-WESTFALEN,1
809,hokkaido university,HOKKAIDO,1
810,illinois institute of technology,ILLINOIS,1
811,fund jorge duprat figueiredo de seguranca e med do trabalho,SÃO PAULO,1
812,fundacao armando alvares penteado,SÃO PAULO,1
813,fundacao de amparo a pesquisa do estado de sao paulo,SÃO PAULO,1
814,fundacao de amparo a pesquisa do estado do maranhao,MARANHÃO,1
815,fundacao de medicina tropical dr heitor vieira dourado,AMAZONAS,1
816,griffith university,STATE OF QUEENSLAND,1
817,hacettepe universitesi,ANKARA,1
818,hanyang university,SEOUL-TEUKBYEOLSI,1
819,helmholtz zentrum geesthacht,FREISTAAT SACHSEN,1
820,helmholtz zentrum geesthacht,LAND NIEDERSACHSEN,1
821,hiroshima university,HIROSHIMA-KEN,1
822,hochschule fur angewandte wissenschaften hamburg,FREIE UND HANSESTADT HAMBURG,1
823,hochschule fur kunste bremen,BREMEN,1
824,instituto agronomico mediterraneo de zaragoza,COMUNIDAD AUTONOMA DE ARAGON,1
825,instituto brasiliense de direito publico,DISTRITO FEDERAL,1
826,universidade federal de sao carlos sorocaba,SÃO PAULO,1
827,universidade federal do cariri,CEARÁ,1
828,fundacao visconde de cairu,BAHIA,1
829,fundacao zoobotanica do rio grande do sul,RIO GRANDE DO SUL,1
830,george washington university,DISTRICT OF COLUMBIA,1
831,goethe universitat frankfurt am main,LAND HESSEN,1
832,institut national de la recherche agronomique,REGION LANGUEDOC-ROUSSILLON,1
833,institut national de la recherche agronomique,REGION RHONE-ALPES,1
834,institut national de la recherche agronomique clermont ferrand,REGION ILE-DE-FRANCE,1
835,institut national de recherche en informatique et automatique,REGION ILE-DE-FRANCE,1
836,institut nationale de la sante et de le recherche medicale,REGION ILE-DE-FRANCE,1
837,institut pasteur paris,REGION ILE-DE-FRANCE,1
838,institut sophia agrobiotech ue,REGION PROVENCE-ALPES-COTE D'AZUR,1
839,instituto agronomico do parana iapar,PARANÁ,1
840,faculdades integradas rio branco,SÃO PAULO,1
841,facultad latinoamericana de ciencias sociales,DISTRITO FEDERAL,1
842,federacao de orgaos de assist soc e educacao fase,RIO DE JANEIRO,1
843,finlandia university,MICHIGAN,1
844,fiocruz centro de pesquisa goncalo moniz,BAHIA,1
845,florida state university,FLORIDA,1
846,fordham university,NEW YORK,1
847,freie universitat berlin,REGION ILE-DE-FRANCE,1
848,faculdade pitagoras de divinopolis,MINAS GERAIS,1
849,faculdade presbiteriana augusto galvao,BAHIA,1
850,faculdade ruy barbosa,BAHIA,1
851,faculdade santa maria,PERNAMBUCO,1
852,faculdade tres de maio,RIO GRANDE DO SUL,1
853,faculdade uniao de campo mourao,PARANÁ,1
854,faculdades integradas alcantara machado,SÃO PAULO,1
855,faculdades integradas helio alonso,RIO DE JANEIRO,1
856,universidade pitagoras unopar,PARANÁ,1
857,faculdade do vale do ipojuca,PERNAMBUCO,1
858,faculdade fortium,DISTRITO FEDERAL,1
859,faculdade integrada metropolitana de campinas,SÃO PAULO,1
860,faculdade metropolitana de maringa unifamma,PARANÁ,1
861,faculdade municipal professor franco montoro de mogi guacu,SÃO PAULO,1
862,faculdade pernambucana de saude,PERNAMBUCO,1
863,faculdade pitagoras de belo horizonte,MINAS GERAIS,1
864,fundacao dom cabral,MINAS GERAIS,1
865,fundacao escola de sociologia e politica de sao paulo,SÃO PAULO,1
866,fundacao joaquim nabuco,PERNAMBUCO,1
867,fundacao municipal de ensino superior de braganca paulista,SÃO PAULO,1
868,fundacao oswaldo cruz fiocruz,PARANÁ,1
869,universidade fernando pessoa,DISTRITO DO PORTO,1
870,universidade jose do rosario vellano,MINAS GERAIS,1
871,universidade lusofona do porto,DISTRITO DO PORTO,1
872,faculdade de ciencia e tecnologia,PARANÁ,1
873,faculdade de ciencias biomedicas de cacoal,RONDÔNIA,1
874,faculdade de direito de vitoria,ESPÍRITO SANTO,1
875,faculdade de direito do sul de minas,MINAS GERAIS,1
876,faculdade de direito milton campos,MINAS GERAIS,1
877,faculdade de engenharia de sorocaba,SÃO PAULO,1
878,faculdade de engenharia quimica de lorena,SÃO PAULO,1
879,faculdade de minas,MINAS GERAIS,1
880,fachhochschule oberosterreich,OBEROESTERREICH,1
881,faculdade anhanguera de osasco,SÃO PAULO,1
882,faculdade arquidiocesana de mariana,MINAS GERAIS,1
883,faculdade asces,PERNAMBUCO,1
884,faculdade autonoma de direito,SÃO PAULO,1
885,faculdade borges de mendonca,SANTA CATARINA,1
886,faculdade das americas,SÃO PAULO,1
887,faculdade de artes do parana,PARANÁ,1
888,universita degli studi di camerino,REGIONE MARCHE,1
889,universita degli studi di cassino e del lazio meridionale,REGIONE LAZIO,1
890,universita degli studi di catania,REGIONE AUTONOMA SICILIANA,1
891,universita degli studi di genova,REGIONE LIGURIA,1
892,universita degli studi di messina,REGIONE AUTONOMA SICILIANA,1
893,universita degli studi di modena e reggio emilia,REGIONE EMILIA-ROMAGNA,1
894,escola superior de enfermagem de coimbra,DISTRITO DE COIMBRA,1
895,escola superior de musica e artes do espetaculo,DISTRITO DO PORTO,1
896,freie universitat berlin fachbereich biologie chemie pharmazie,LAND BERLIN,1
897,universidade presidente antonio carlos,MINAS GERAIS,1
898,universita ca foscari di venezia,REGIONE VENETO,1
899,universita degli studi del molise,REGIONE MOLISE,1
900,universita degli studi del piemonte orientale amedeo avogadro,REGIONE PIEMONTE,1
901,universita degli studi dell aquila,REGIONE ABRUZZO,1
902,universita degli studi di bari aldo moro,REGIONE PUGLIA,1
903,universita degli studi di bergamo,REGIONE LOMBARDIA,1
904,universite d artois,REGION NORD-PAS-DE-CALAIS,1
905,universite d orleans,REGION CENTRE,1
906,universite de bordeaux talence,REGION AQUITAINE,1
907,universite de bourgogne,REGION BOURGOGNE,1
908,universite de cergy pontoise,REGION ILE-DE-FRANCE,1
909,universite de fribourg,CANTON DE FRIBOURG,1
910,universite de geneve,CANTON DE GENEVE,1
911,universite de la rochelle,REGION POITOU-CHARENTES,1
912,universitat jaume i,COMUNITAT VALENCIANA,1
913,universitat kassel,LAND HESSEN,1
914,universitat regensburg,FREISTAAT BAYERN,1
915,universitat rovira i virgili,CATALUNYA,1
916,universitat ulm,BADEN-WUERTTEMBERG,1
917,universitat wien,WIEN,1
918,universite bourgogne franche comte,REGION FRANCHE-COMTE,1
919,universite d angers,REGION PAYS DE LA LOIRE,1
920,universita degli studi di trento,REGIONE AUTONOMA TRENTINO-ALTO ADIGE,1
921,universita degli studi di verona,REGIONE VENETO,1
922,universita di pisa,REGIONE TOSCANA,1
923,universitair medisch centrum groningen,PROVINCIE GRONINGEN,1
924,universitat basel,KANTON BASEL-STADT,1
925,universitat de girona,CATALUNYA,1
926,universitat de les illes balears,COMUNITAT AUTONOMA DE LES ILLES BALEARS,1
927,universitat de vic,CATALUNYA,1
928,faculdade de odontologia de bauru usp,SÃO PAULO,1
929,faculdade de ribeirao preto,SÃO PAULO,1
930,faculdade de tecnologia de sao paulo,SÃO PAULO,1
931,faculdade de tecnologia e ciencias de salvador,BAHIA,1
932,faculdade de tecnologia gap,GOIÁS,1
933,universita degli studi di napoli federico ii,REGIONE CAMPANIA,1
934,universita degli studi di napoli l orientale napoli,REGIONE CAMPANIA,1
935,universita degli studi di perugia,REGIONE UMBRIA,1
936,embrapa recursos geneticos e biotecnologia,DISTRITO FEDERAL,1
937,epilepsihospitalet,REGION SJAELLAND,1
938,cespu instituto superior de ciencias da saude gandra,DISTRITO DO PORTO,1
939,chalmers tekniska hogskola,VAESTRA GOETALANDS LAEN,1
940,city colleges of chicago,ILLINOIS,1
941,city university of new york system,NEW YORK,1
942,coastal carolina university,SOUTH CAROLINA,1
943,colaiste rioga na mainlea in eirinn,LEINSTER,1
944,ecole des hautes etudes commerciales de montreal,QUEBEC,1
945,ecole nationale de l aviation civile,REGION MIDI-PYRENEES,1
946,ecole normale superieure paris,REGION ILE-DE-FRANCE,1
947,ecole superieure d ingenieurs en electronique et electrotechnique,REGION ILE-DE-FRANCE,1
948,eidgenossische technische hochschule zurich,KANTON ZURICH,1
949,el colegio de la frontera sur,ESTADO DE CHIAPAS,1
950,el colegio de mexico,DISTRITO FEDERAL,1
951,embrapa gado de leite,MINAS GERAIS,1
952,curtin university,STATE OF WESTERN AUSTRALIA,1
953,czech technical university,HLAVNI MESTO PRAHA,1
954,deutsches zentrum fur luft und raumfahrt,FREISTAAT BAYERN,1
955,donau universitat krems,NIEDEROESTERREICH,1
956,duke university,NORTH CAROLINA,1
957,eastern illinois university,SOUTH CAROLINA,1
958,eastern west virginia community and technical college,WEST VIRGINIA,1
959,ecole centrale paris,REGION ILE-DE-FRANCE,1
960,universite de lausanne,CANTON DE VAUD,1
961,universite de liege,WALLOON REGION,1
962,universite de limoges,REGION LIMOUSIN,1
963,universite de lorraine,REGION LORRAINE,1
964,universite de lyon,REGION RHONE-ALPES,1
965,universite de moncton,NEW BRUNSWICK,1
966,council of scientific and industrial research north east institute of science and technology,STATE OF ASSAM,1
967,cranfield university,ENGLAND,1
968,universite paris saclay,REGION ILE-DE-FRANCE,1
969,universite paul valery montpellier,REGION LANGUEDOC-ROUSSILLON,1
970,universite rennes ii,REGION BRETAGNE,1
971,universite sorbonne nouvelle paris iii,REGION AQUITAINE,1
972,universite stendhal grenoble iii,REGION RHONE-ALPES,1
973,universite toulouse ii jean jaures,REGION MIDI-PYRENEES,1
974,universiteit antwerpen,FLEMISH REGION,1
975,universiteit maastricht,PROVINCIE LIMBURG,1
976,universite de picardie jules verne,REGION PICARDIE,1
977,universite de technologie de compiegne,REGION PICARDIE,1
978,universite de valenciennes et du hainaut cambresis,REGION NORD-PAS-DE-CALAIS,1
979,universite joseph fourier grenoble i,REGION RHONE-ALPES,1
980,universite lille 2 centre detude des arts contemporains,REGION NORD-PAS-DE-CALAIS,1
981,universite lille 2 droit et sante,REGION NORD-PAS-DE-CALAIS,1
982,universite lille 3 sciences humaines et sociales,REGION NORD-PAS-DE-CALAIS,1
983,universite paris saclay,REGION FRANCHE-COMTE,1
984,consejo nacional de ciencia y tecnologia,ESTADO DE SONORA,1
985,consejo nacional de investigaciones cientificas y tecnicas,PROVINCIA DE SAN JUAN,1
986,consejo superior de investigaciones cientificas,ANDALUCIA,1
987,conservatoire de musique de geneve,CANTON DE GENEVE,1
988,consiglio nazionale delle ricerche,REGIONE TOSCANA,1
989,consiglio per la ricerca e la sperimentazione in agricoltura,REGIONE LAZIO,1
990,cornell college,IOWA,1
991,universite de pau et des pays de l adour,REGION AQUITAINE,1
992,collegeamerica,COLORADO,1
993,commissariat a l energie atomique et aux energies alternatives grenoble,REGION RHONE-ALPES,1
994,commonwealth science and industrial research organization,NORTHERN TERRITORY,1
995,companhia de pesquisa de recursos minerais,DISTRITO FEDERAL,1
996,complexo de ensino superior de santa catarina,SANTA CATARINA,1
997,concordia university,QUEBEC,1
998,consejo nacional de ciencia y tecnologia,ESTADO DE BAJA CALIFORNIA,1
999,consejo nacional de ciencia y tecnologia,ESTADO DE SAN LUIS POTOSI,1
1000,centro universitario luterano de manaus,AMAZONAS,1
1001,centro universitario metodista izabela hendrix,MINAS GERAIS,1
1002,centro universitario moura lacerda,SÃO PAULO,1
1003,centro universitario newton paiva,MINAS GERAIS,1
1004,centro universitario padre anchieta,SÃO PAULO,1
1005,centro universitario ritter dos reis,RIO GRANDE DO SUL,1
1006,centro universitario serra dos orgaos,RIO DE JANEIRO,1
1007,centro universitario sociesc,SANTA CATARINA,1
1008,centro universitario do instituto de educacao superior de brasilia,DISTRITO FEDERAL,1
1009,centro universitario do instituto maua de tecnologia,SÃO PAULO,1
1010,centro universitario do leste de minas gerais,MINAS GERAIS,1
1011,centro universitario fecap,SÃO PAULO,1
1012,centro universitario filadelfia,PARANÁ,1
1013,centro universitario ibmr,RIO DE JANEIRO,1
1014,centro universitario internacional,PARANÁ,1
1015,centro universitario luterano de ji parana,RONDÔNIA,1
1016,university of belgrade,CENTRAL SERBIA,1
1017,university of bucharest,BUCURESTI,1
1018,centro universitario da fundacao herminio ometto,SÃO PAULO,1
1019,centro universitario das faculdades metropolitanas unidas,SÃO PAULO,1
1020,centro universitario de bauru,SÃO PAULO,1
1021,centro universitario de itajuba,MINAS GERAIS,1
1022,centro universitario de maringa,PARANÁ,1
1023,centro universitario do espirito santo,ESPÍRITO SANTO,1
1024,universiteit van tilburg,PROVINCIE NOORD-BRABANT,1
1025,universitetet i oslo,OSLO COUNTY,1
1026,university college dublin,LEINSTER,1
1027,university medical center rotterdam,PROVINCIE ZUID-HOLLAND,1
1028,university of aberdeen,SCOTLAND,1
1029,university of alabama tuscaloosa,ALABAMA,1
1030,university of alaska anchorage,ALASKA,1
1031,university of arizona,ARIZONA,1
1032,university of stirling,SCOTLAND,1
1033,wayne state university,MICHIGAN,1
1034,weizmann institute of science,CENTRAL DISTRICT,1
1035,west virginia university,WEST VIRGINIA,1
1036,westfalische wilhelms universitat munster,FREISTAAT BAYERN,1
1037,aalborg universitet,REGION HOVEDSTADEN,1
1038,yokohama national university,KANAGAWA-KEN,1
1039,university of western sydney,STATE OF NEW SOUTH WALES,1
1040,university of pennsylvania,PENNSYLVANIA,1
1041,university of pittsburgh,PENNSYLVANIA,1
1042,university of rhode island,RHODE ISLAND,1
1043,university of saskatchewan,SASKATCHEWAN,1
1044,university of south africa,GAUTENG,1
1045,university of south florida,FLORIDA,1
1046,university of southampton,ENGLAND,1
1047,university of southern california,CALIFORNIA,1
1048,university of minnesota twin cities campus department of civil environmental and geo engineering,KANSAS,1
1049,university of mississippi oxford,MISSISSIPPI,1
1050,university of missouri columbia,MISSOURI,1
1051,university of new brunswick,NEW BRUNSWICK,1
1052,university of new england portland,MAINE,1
1053,university of new south wales,STATE OF NEW SOUTH WALES,1
1054,university of otago,OTAGO,1
1055,university of oulu,OULUN LAEAENI,1
1056,centro universitario 7 de setembro,CEARÁ,1
1057,centro universitario academia,MINAS GERAIS,1
1058,centro universitario anhanguera,SÃO PAULO,1
1059,centro universitario carioca,RIO DE JANEIRO,1
1060,centro universitario central paulista,SÃO PAULO,1
1061,centro universitario claretiano,SÃO PAULO,1
1062,centro universitario curitiba,PARANÁ,1
1063,university of maryland system,MARYLAND,1
1064,tulane university,LOUISIANA,1
1065,turun yliopisto,PROVINCE OF WESTERN FINLAND,1
1066,tuskegee university,ALABAMA,1
1067,umea universitet,VAESTERBOTTENS LAEN,1
1068,uniao metropolitana para o desenvolvimento da educacao e cultura ltda,BAHIA,1
1069,unite mixte de physique cnrs thales,REGION ILE-DE-FRANCE,1
1070,united states department of agriculture,DISTRICT OF COLUMBIA,1
1071,universidad autonoma de asuncion,ASUNCION,1
1072,the ohio state university,OHIO,1
1073,the smith kettlewell eye research institute,CALIFORNIA,1
1074,the university of auckland,AUCKLAND,1
1075,the university of melbourne,STATE OF VICTORIA,1
1076,the university of sydney,STATE OF NEW SOUTH WALES,1
1077,the university of western australia,STATE OF WESTERN AUSTRALIA,1
1078,tokyo institute of technology,TOKYO-TO,1
1079,tokyo university of marine science and technology,TOKYO-TO,1
1080,virginia state university,VIRGINIA,1
1081,virginia tech,VIRGINIA,1
1082,vrije universiteit amsterdam,PROVINCIE NOORD-HOLLAND,1
1083,the francis crick institute,ENGLAND,1
1084,the hebrew university of jerusalem,JERUSALEM DISTRICT,1
1085,the london college university college kensington,ENGLAND,1
1086,the new school,NEW YORK,1
1087,the new school for social research,NEW YORK,1
1088,university of westminster,ENGLAND,1
1089,university of wollongong,STATE OF NEW SOUTH WALES,1
1090,university of york,ENGLAND,1
1091,univerzita pavla jozefa afarika v koiciach,KOSICKY KRAJ,1
1092,uniwersytet mikoaja kopernika w toruniu,WOJEWODZTWO KUJAWSKO-POMORSKIE,1
1093,uniwersytet warszawski,WOJEWODZTWO MAZOWIECKIE,1
1094,ural federal university,SVERDLOVSKAYA OBLAST',1
1095,victoria university,STATE OF VICTORIA,1
